index,mid,display_name
0,/m/dummy0,Sonido_Original_0
1,/m/dummy1,Sonido_Original_1
2,/m/dummy2,Sonido_Original_2
3,/m/dummy3,Sonido_Original_3
4,/m/dummy4,Sonido_Original_4
5,/m/dummy5,Sonido_Original_5
6,/m/dummy6,Sonido_Original_6
7,/m/dummy7,Sonido_Original_7
8,/m/dummy8,Sonido_Original_8
9,/m/dummy9,Sonido_Original_9
10,/m/dummy10,Sonido_Original_10
11,/m/dummy11,Sonido_Original_11
12,/m/dummy12,Sonido_Original_12
13,/m/dummy13,Sonido_Original_13
14,/m/dummy14,Sonido_Original_14
15,/m/dummy15,Sonido_Original_15
16,/m/dummy16,Sonido_Original_16
17,/m/dummy17,Sonido_Original_17
18,/m/dummy18,Sonido_Original_18
19,/m/dummy19,Sonido_Original_19
20,/m/dummy20,Sonido_Original_20
21,/m/dummy21,Sonido_Original_21
22,/m/dummy22,Sonido_Original_22
23,/m/dummy23,Sonido_Original_23
24,/m/dummy24,Sonido_Original_24
25,/m/dummy25,Sonido_Original_25
26,/m/dummy26,Sonido_Original_26
27,/m/dummy27,Sonido_Original_27
28,/m/dummy28,Sonido_Original_28
29,/m/dummy29,Sonido_Original_29
30,/m/dummy30,Sonido_Original_30
31,/m/dummy31,Sonido_Original_31
32,/m/dummy32,Sonido_Original_32
33,/m/dummy33,Sonido_Original_33
34,/m/dummy34,Sonido_Original_34
35,/m/dummy35,Sonido_Original_35
36,/m/dummy36,Sonido_Original_36
37,/m/dummy37,Sonido_Original_37
38,/m/dummy38,Sonido_Original_38
39,/m/dummy39,Sonido_Original_39
40,/m/dummy40,Sonido_Original_40
41,/m/dummy41,Sonido_Original_41
42,/m/dummy42,Sonido_Original_42
43,/m/dummy43,Sonido_Original_43
44,/m/dummy44,Sonido_Original_44
45,/m/dummy45,Sonido_Original_45
46,/m/dummy46,Sonido_Original_46
47,/m/dummy47,Sonido_Original_47
48,/m/dummy48,Sonido_Original_48
49,/m/dummy49,Sonido_Original_49
50,/m/dummy50,Sonido_Original_50
51,/m/dummy51,Sonido_Original_51
52,/m/dummy52,Sonido_Original_52
53,/m/dummy53,Sonido_Original_53
54,/m/dummy54,Sonido_Original_54
55,/m/dummy55,Sonido_Original_55
56,/m/dummy56,Sonido_Original_56
57,/m/dummy57,Sonido_Original_57
58,/m/dummy58,Sonido_Original_58
59,/m/dummy59,Sonido_Original_59
60,/m/dummy60,Sonido_Original_60
61,/m/dummy61,Sonido_Original_61
62,/m/dummy62,Sonido_Original_62
63,/m/dummy63,Sonido_Original_63
64,/m/dummy64,Sonido_Original_64
65,/m/dummy65,Sonido_Original_65
66,/m/dummy66,Sonido_Original_66
67,/m/dummy67,Sonido_Original_67
68,/m/dummy68,Sonido_Original_68
69,/m/dummy69,Sonido_Original_69
70,/m/dummy70,Sonido_Original_70
71,/m/dummy71,Sonido_Original_71
72,/m/dummy72,Sonido_Original_72
73,/m/dummy73,Sonido_Original_73
74,/m/dummy74,Sonido_Original_74
75,/m/dummy75,Sonido_Original_75
76,/m/dummy76,Sonido_Original_76
77,/m/dummy77,Sonido_Original_77
78,/m/dummy78,Sonido_Original_78
79,/m/dummy79,Sonido_Original_79
80,/m/dummy80,Sonido_Original_80
81,/m/dummy81,Sonido_Original_81
82,/m/dummy82,Sonido_Original_82
83,/m/dummy83,Sonido_Original_83
84,/m/dummy84,Sonido_Original_84
85,/m/dummy85,Sonido_Original_85
86,/m/dummy86,Sonido_Original_86
87,/m/dummy87,Sonido_Original_87
88,/m/dummy88,Sonido_Original_88
89,/m/dummy89,Sonido_Original_89
90,/m/dummy90,Sonido_Original_90
91,/m/dummy91,Sonido_Original_91
92,/m/dummy92,Sonido_Original_92
93,/m/dummy93,Sonido_Original_93
94,/m/dummy94,Sonido_Original_94
95,/m/dummy95,Sonido_Original_95
96,/m/dummy96,Sonido_Original_96
97,/m/dummy97,Sonido_Original_97
98,/m/dummy98,Sonido_Original_98
99,/m/dummy99,Sonido_Original_99
100,/m/dummy100,Sonido_Original_100
101,/m/dummy101,Sonido_Original_101
102,/m/dummy102,Sonido_Original_102
103,/m/dummy103,Sonido_Original_103
104,/m/dummy104,Sonido_Original_104
105,/m/dummy105,Sonido_Original_105
106,/m/dummy106,Sonido_Original_106
107,/m/dummy107,Sonido_Original_107
108,/m/dummy108,Sonido_Original_108
109,/m/dummy109,Sonido_Original_109
110,/m/dummy110,Sonido_Original_110
111,/m/dummy111,Sonido_Original_111
112,/m/dummy112,Sonido_Original_112
113,/m/dummy113,Sonido_Original_113
114,/m/dummy114,Sonido_Original_114
115,/m/dummy115,Sonido_Original_115
116,/m/dummy116,Sonido_Original_116
117,/m/dummy117,Sonido_Original_117
118,/m/dummy118,Sonido_Original_118
119,/m/dummy119,Sonido_Original_119
120,/m/dummy120,Sonido_Original_120
121,/m/dummy121,Sonido_Original_121
122,/m/dummy122,Sonido_Original_122
123,/m/dummy123,Sonido_Original_123
124,/m/dummy124,Sonido_Original_124
125,/m/dummy125,Sonido_Original_125
126,/m/dummy126,Sonido_Original_126
127,/m/dummy127,Sonido_Original_127
128,/m/dummy128,Sonido_Original_128
129,/m/dummy129,Sonido_Original_129
130,/m/dummy130,Sonido_Original_130
131,/m/dummy131,Sonido_Original_131
132,/m/dummy132,Sonido_Original_132
133,/m/dummy133,Sonido_Original_133
134,/m/dummy134,Sonido_Original_134
135,/m/dummy135,Sonido_Original_135
136,/m/dummy136,Sonido_Original_136
137,/m/dummy137,Sonido_Original_137
138,/m/dummy138,Sonido_Original_138
139,/m/dummy139,Sonido_Original_139
140,/m/dummy140,Sonido_Original_140
141,/m/dummy141,Sonido_Original_141
142,/m/dummy142,Sonido_Original_142
143,/m/dummy143,Sonido_Original_143
144,/m/dummy144,Sonido_Original_144
145,/m/dummy145,Sonido_Original_145
146,/m/dummy146,Sonido_Original_146
147,/m/dummy147,Sonido_Original_147
148,/m/dummy148,Sonido_Original_148
149,/m/dummy149,Sonido_Original_149
150,/m/dummy150,Sonido_Original_150
151,/m/dummy151,Sonido_Original_151
152,/m/dummy152,Sonido_Original_152
153,/m/dummy153,Sonido_Original_153
154,/m/dummy154,Sonido_Original_154
155,/m/dummy155,Sonido_Original_155
156,/m/dummy156,Sonido_Original_156
157,/m/dummy157,Sonido_Original_157
158,/m/dummy158,Sonido_Original_158
159,/m/dummy159,Sonido_Original_159
160,/m/dummy160,Sonido_Original_160
161,/m/dummy161,Sonido_Original_161
162,/m/dummy162,Sonido_Original_162
163,/m/dummy163,Sonido_Original_163
164,/m/dummy164,Sonido_Original_164
165,/m/dummy165,Sonido_Original_165
166,/m/dummy166,Sonido_Original_166
167,/m/dummy167,Sonido_Original_167
168,/m/dummy168,Sonido_Original_168
169,/m/dummy169,Sonido_Original_169
170,/m/dummy170,Sonido_Original_170
171,/m/dummy171,Sonido_Original_171
172,/m/dummy172,Sonido_Original_172
173,/m/dummy173,Sonido_Original_173
174,/m/dummy174,Sonido_Original_174
175,/m/dummy175,Sonido_Original_175
176,/m/dummy176,Sonido_Original_176
177,/m/dummy177,Sonido_Original_177
178,/m/dummy178,Sonido_Original_178
179,/m/dummy179,Sonido_Original_179
180,/m/dummy180,Sonido_Original_180
181,/m/dummy181,Sonido_Original_181
182,/m/dummy182,Sonido_Original_182
183,/m/dummy183,Sonido_Original_183
184,/m/dummy184,Sonido_Original_184
185,/m/dummy185,Sonido_Original_185
186,/m/dummy186,Sonido_Original_186
187,/m/dummy187,Sonido_Original_187
188,/m/dummy188,Sonido_Original_188
189,/m/dummy189,Sonido_Original_189
190,/m/dummy190,Sonido_Original_190
191,/m/dummy191,Sonido_Original_191
192,/m/dummy192,Sonido_Original_192
193,/m/dummy193,Sonido_Original_193
194,/m/dummy194,Sonido_Original_194
195,/m/dummy195,Sonido_Original_195
196,/m/dummy196,Sonido_Original_196
197,/m/dummy197,Sonido_Original_197
198,/m/dummy198,Sonido_Original_198
199,/m/dummy199,Sonido_Original_199
200,/m/dummy200,Sonido_Original_200
201,/m/dummy201,Sonido_Original_201
202,/m/dummy202,Sonido_Original_202
203,/m/dummy203,Sonido_Original_203
204,/m/dummy204,Sonido_Original_204
205,/m/dummy205,Sonido_Original_205
206,/m/dummy206,Sonido_Original_206
207,/m/dummy207,Sonido_Original_207
208,/m/dummy208,Sonido_Original_208
209,/m/dummy209,Sonido_Original_209
210,/m/dummy210,Sonido_Original_210
211,/m/dummy211,Sonido_Original_211
212,/m/dummy212,Sonido_Original_212
213,/m/dummy213,Sonido_Original_213
214,/m/dummy214,Sonido_Original_214
215,/m/dummy215,Sonido_Original_215
216,/m/dummy216,Sonido_Original_216
217,/m/dummy217,Sonido_Original_217
218,/m/dummy218,Sonido_Original_218
219,/m/dummy219,Sonido_Original_219
220,/m/dummy220,Sonido_Original_220
221,/m/dummy221,Sonido_Original_221
222,/m/dummy222,Sonido_Original_222
223,/m/dummy223,Sonido_Original_223
224,/m/dummy224,Sonido_Original_224
225,/m/dummy225,Sonido_Original_225
226,/m/dummy226,Sonido_Original_226
227,/m/dummy227,Sonido_Original_227
228,/m/dummy228,Sonido_Original_228
229,/m/dummy229,Sonido_Original_229
230,/m/dummy230,Sonido_Original_230
231,/m/dummy231,Sonido_Original_231
232,/m/dummy232,Sonido_Original_232
233,/m/dummy233,Sonido_Original_233
234,/m/dummy234,Sonido_Original_234
235,/m/dummy235,Sonido_Original_235
236,/m/dummy236,Sonido_Original_236
237,/m/dummy237,Sonido_Original_237
238,/m/dummy238,Sonido_Original_238
239,/m/dummy239,Sonido_Original_239
240,/m/dummy240,Sonido_Original_240
241,/m/dummy241,Sonido_Original_241
242,/m/dummy242,Sonido_Original_242
243,/m/dummy243,Sonido_Original_243
244,/m/dummy244,Sonido_Original_244
245,/m/dummy245,Sonido_Original_245
246,/m/dummy246,Sonido_Original_246
247,/m/dummy247,Sonido_Original_247
248,/m/dummy248,Sonido_Original_248
249,/m/dummy249,Sonido_Original_249
250,/m/dummy250,Sonido_Original_250
251,/m/dummy251,Sonido_Original_251
252,/m/dummy252,Sonido_Original_252
253,/m/dummy253,Sonido_Original_253
254,/m/dummy254,Sonido_Original_254
255,/m/dummy255,Sonido_Original_255
256,/m/dummy256,Sonido_Original_256
257,/m/dummy257,Sonido_Original_257
258,/m/dummy258,Sonido_Original_258
259,/m/dummy259,Sonido_Original_259
260,/m/dummy260,Sonido_Original_260
261,/m/dummy261,Sonido_Original_261
262,/m/dummy262,Sonido_Original_262
263,/m/dummy263,Sonido_Original_263
264,/m/dummy264,Sonido_Original_264
265,/m/dummy265,Sonido_Original_265
266,/m/dummy266,Sonido_Original_266
267,/m/dummy267,Sonido_Original_267
268,/m/dummy268,Sonido_Original_268
269,/m/dummy269,Sonido_Original_269
270,/m/dummy270,Sonido_Original_270
271,/m/dummy271,Sonido_Original_271
272,/m/dummy272,Sonido_Original_272
273,/m/dummy273,Sonido_Original_273
274,/m/dummy274,Sonido_Original_274
275,/m/dummy275,Sonido_Original_275
276,/m/dummy276,Sonido_Original_276
277,/m/dummy277,Sonido_Original_277
278,/m/dummy278,Sonido_Original_278
279,/m/dummy279,Sonido_Original_279
280,/m/dummy280,Sonido_Original_280
281,/m/dummy281,Sonido_Original_281
282,/m/dummy282,Sonido_Original_282
283,/m/dummy283,Sonido_Original_283
284,/m/dummy284,Sonido_Original_284
285,/m/dummy285,Sonido_Original_285
286,/m/dummy286,Sonido_Original_286
287,/m/dummy287,Sonido_Original_287
288,/m/dummy288,Sonido_Original_288
289,/m/dummy289,Sonido_Original_289
290,/m/dummy290,Sonido_Original_290
291,/m/dummy291,Sonido_Original_291
292,/m/dummy292,Sonido_Original_292
293,/m/dummy293,Sonido_Original_293
294,/m/dummy294,Sonido_Original_294
295,/m/dummy295,Sonido_Original_295
296,/m/dummy296,Sonido_Original_296
297,/m/dummy297,Sonido_Original_297
298,/m/dummy298,Sonido_Original_298
299,/m/dummy299,Sonido_Original_299
300,/m/dummy300,Sonido_Original_300
301,/m/dummy301,Sonido_Original_301
302,/m/dummy302,Sonido_Original_302
303,/m/dummy303,Sonido_Original_303
304,/m/dummy304,Sonido_Original_304
305,/m/dummy305,Sonido_Original_305
306,/m/dummy306,Sonido_Original_306
307,/m/dummy307,Sonido_Original_307
308,/m/dummy308,Sonido_Original_308
309,/m/dummy309,Sonido_Original_309
310,/m/dummy310,Sonido_Original_310
311,/m/dummy311,Sonido_Original_311
312,/m/dummy312,Sonido_Original_312
313,/m/dummy313,Sonido_Original_313
314,/m/dummy314,Sonido_Original_314
315,/m/dummy315,Sonido_Original_315
316,/m/dummy316,Sonido_Original_316
317,/m/dummy317,Sonido_Original_317
318,/m/dummy318,Sonido_Original_318
319,/m/dummy319,Sonido_Original_319
320,/m/dummy320,Sonido_Original_320
321,/m/dummy321,Sonido_Original_321
322,/m/dummy322,Sonido_Original_322
323,/m/dummy323,Sonido_Original_323
324,/m/dummy324,Sonido_Original_324
325,/m/dummy325,Sonido_Original_325
326,/m/dummy326,Sonido_Original_326
327,/m/dummy327,Sonido_Original_327
328,/m/dummy328,Sonido_Original_328
329,/m/dummy329,Sonido_Original_329
330,/m/dummy330,Sonido_Original_330
331,/m/dummy331,Sonido_Original_331
332,/m/dummy332,Sonido_Original_332
333,/m/dummy333,Sonido_Original_333
334,/m/dummy334,Sonido_Original_334
335,/m/dummy335,Sonido_Original_335
336,/m/dummy336,Sonido_Original_336
337,/m/dummy337,Sonido_Original_337
338,/m/dummy338,Sonido_Original_338
339,/m/dummy339,Sonido_Original_339
340,/m/dummy340,Sonido_Original_340
341,/m/dummy341,Sonido_Original_341
342,/m/dummy342,Sonido_Original_342
343,/m/dummy343,Sonido_Original_343
344,/m/dummy344,Sonido_Original_344
345,/m/dummy345,Sonido_Original_345
346,/m/dummy346,Sonido_Original_346
347,/m/dummy347,Sonido_Original_347
348,/m/dummy348,Sonido_Original_348
349,/m/dummy349,Sonido_Original_349
350,/m/dummy350,Sonido_Original_350
351,/m/dummy351,Sonido_Original_351
352,/m/dummy352,Sonido_Original_352
353,/m/dummy353,Sonido_Original_353
354,/m/dummy354,Sonido_Original_354
355,/m/dummy355,Sonido_Original_355
356,/m/dummy356,Sonido_Original_356
357,/m/dummy357,Sonido_Original_357
358,/m/dummy358,Sonido_Original_358
359,/m/dummy359,Sonido_Original_359
360,/m/dummy360,Sonido_Original_360
361,/m/dummy361,Sonido_Original_361
362,/m/dummy362,Sonido_Original_362
363,/m/dummy363,Sonido_Original_363
364,/m/dummy364,Sonido_Original_364
365,/m/dummy365,Sonido_Original_365
366,/m/dummy366,Sonido_Original_366
367,/m/dummy367,Sonido_Original_367
368,/m/dummy368,Sonido_Original_368
369,/m/dummy369,Sonido_Original_369
370,/m/dummy370,Sonido_Original_370
371,/m/dummy371,Sonido_Original_371
372,/m/dummy372,Sonido_Original_372
373,/m/dummy373,Sonido_Original_373
374,/m/dummy374,Sonido_Original_374
375,/m/dummy375,Sonido_Original_375
376,/m/dummy376,Sonido_Original_376
377,/m/dummy377,Sonido_Original_377
378,/m/dummy378,Sonido_Original_378
379,/m/dummy379,Sonido_Original_379
380,/m/dummy380,Sonido_Original_380
381,/m/dummy381,Sonido_Original_381
382,/m/dummy382,Sonido_Original_382
383,/m/dummy383,Sonido_Original_383
384,/m/dummy384,Sonido_Original_384
385,/m/dummy385,Sonido_Original_385
386,/m/dummy386,Sonido_Original_386
387,/m/dummy387,Sonido_Original_387
388,/m/dummy388,Sonido_Original_388
389,/m/dummy389,Sonido_Original_389
390,/m/dummy390,Sonido_Original_390
391,/m/dummy391,Sonido_Original_391
392,/m/dummy392,Sonido_Original_392
393,/m/dummy393,Sonido_Original_393
394,/m/dummy394,Sonido_Original_394
395,/m/dummy395,Sonido_Original_395
396,/m/dummy396,Sonido_Original_396
397,/m/dummy397,Sonido_Original_397
398,/m/dummy398,Sonido_Original_398
399,/m/dummy399,Sonido_Original_399
400,/m/dummy400,Sonido_Original_400
401,/m/dummy401,Sonido_Original_401
402,/m/dummy402,Sonido_Original_402
403,/m/dummy403,Sonido_Original_403
404,/m/dummy404,Sonido_Original_404
405,/m/dummy405,Sonido_Original_405
406,/m/dummy406,Sonido_Original_406
407,/m/dummy407,Sonido_Original_407
408,/m/dummy408,Sonido_Original_408
409,/m/dummy409,Sonido_Original_409
410,/m/dummy410,Sonido_Original_410
411,/m/dummy411,Sonido_Original_411
412,/m/dummy412,Sonido_Original_412
413,/m/dummy413,Sonido_Original_413
414,/m/dummy414,Sonido_Original_414
415,/m/dummy415,Sonido_Original_415
416,/m/dummy416,Sonido_Original_416
417,/m/dummy417,Sonido_Original_417
418,/m/dummy418,Sonido_Original_418
419,/m/dummy419,Sonido_Original_419
420,/m/dummy420,Sonido_Original_420
421,/m/dummy421,Sonido_Original_421
422,/m/dummy422,Sonido_Original_422
423,/m/dummy423,Sonido_Original_423
424,/m/dummy424,Sonido_Original_424
425,/m/dummy425,Sonido_Original_425
426,/m/dummy426,Sonido_Original_426
427,/m/dummy427,Sonido_Original_427
428,/m/dummy428,Sonido_Original_428
429,/m/dummy429,Sonido_Original_429
430,/m/dummy430,Sonido_Original_430
431,/m/dummy431,Sonido_Original_431
432,/m/dummy432,Sonido_Original_432
433,/m/dummy433,Sonido_Original_433
434,/m/dummy434,Sonido_Original_434
435,/m/dummy435,Sonido_Original_435
436,/m/dummy436,Sonido_Original_436
437,/m/dummy437,Sonido_Original_437
438,/m/dummy438,Sonido_Original_438
439,/m/dummy439,Sonido_Original_439
440,/m/dummy440,Sonido_Original_440
441,/m/dummy441,Sonido_Original_441
442,/m/dummy442,Sonido_Original_442
443,/m/dummy443,Sonido_Original_443
444,/m/dummy444,Sonido_Original_444
445,/m/dummy445,Sonido_Original_445
446,/m/dummy446,Sonido_Original_446
447,/m/dummy447,Sonido_Original_447
448,/m/dummy448,Sonido_Original_448
449,/m/dummy449,Sonido_Original_449
450,/m/dummy450,Sonido_Original_450
451,/m/dummy451,Sonido_Original_451
452,/m/dummy452,Sonido_Original_452
453,/m/dummy453,Sonido_Original_453
454,/m/dummy454,Sonido_Original_454
455,/m/dummy455,Sonido_Original_455
456,/m/dummy456,Sonido_Original_456
457,/m/dummy457,Sonido_Original_457
458,/m/dummy458,Sonido_Original_458
459,/m/dummy459,Sonido_Original_459
460,/m/dummy460,Sonido_Original_460
461,/m/dummy461,Sonido_Original_461
462,/m/dummy462,Sonido_Original_462
463,/m/dummy463,Sonido_Original_463
464,/m/dummy464,Sonido_Original_464
465,/m/dummy465,Sonido_Original_465
466,/m/dummy466,Sonido_Original_466
467,/m/dummy467,Sonido_Original_467
468,/m/dummy468,Sonido_Original_468
469,/m/dummy469,Sonido_Original_469
470,/m/dummy470,Sonido_Original_470
471,/m/dummy471,Sonido_Original_471
472,/m/dummy472,Sonido_Original_472
473,/m/dummy473,Sonido_Original_473
474,/m/dummy474,Sonido_Original_474
475,/m/dummy475,Sonido_Original_475
476,/m/dummy476,Sonido_Original_476
477,/m/dummy477,Sonido_Original_477
478,/m/dummy478,Sonido_Original_478
479,/m/dummy479,Sonido_Original_479
480,/m/dummy480,Sonido_Original_480
481,/m/dummy481,Sonido_Original_481
482,/m/dummy482,Sonido_Original_482
483,/m/dummy483,Sonido_Original_483
484,/m/dummy484,Sonido_Original_484
485,/m/dummy485,Sonido_Original_485
486,/m/dummy486,Sonido_Original_486
487,/m/dummy487,Sonido_Original_487
488,/m/dummy488,Sonido_Original_488
489,/m/dummy489,Sonido_Original_489
490,/m/dummy490,Sonido_Original_490
491,/m/dummy491,Sonido_Original_491
492,/m/dummy492,Sonido_Original_492
493,/m/dummy493,Sonido_Original_493
494,/m/dummy494,Sonido_Original_494
495,/m/dummy495,Sonido_Original_495
496,/m/dummy496,Sonido_Original_496
497,/m/dummy497,Sonido_Original_497
498,/m/dummy498,Sonido_Original_498
499,/m/dummy499,Sonido_Original_499
500,/m/dummy500,Sonido_Original_500
501,/m/dummy501,Sonido_Original_501
502,/m/dummy502,Sonido_Original_502
503,/m/dummy503,Sonido_Original_503
504,/m/dummy504,Sonido_Original_504
505,/m/dummy505,Sonido_Original_505
506,/m/dummy506,Sonido_Original_506
507,/m/dummy507,Sonido_Original_507
508,/m/dummy508,Sonido_Original_508
509,/m/dummy509,Sonido_Original_509
510,/m/dummy510,Sonido_Original_510
511,/m/dummy511,Sonido_Original_511
512,/m/dummy512,Sonido_Original_512
513,/m/dummy513,Sonido_Original_513
514,/m/dummy514,Sonido_Original_514
515,/m/dummy515,Sonido_Original_515
516,/m/dummy516,Sonido_Original_516
517,/m/dummy517,Sonido_Original_517
518,/m/dummy518,Sonido_Original_518
519,/m/dummy519,Sonido_Original_519
520,/m/dummy520,Sonido_Original_520
521,/m/dummy521,Sonido_Original_521
522,/m/dummy522,Sonido_Original_522
523,/m/dummy523,Sonido_Original_523
524,/m/dummy524,Sonido_Original_524
525,/m/dummy525,Sonido_Original_525
526,/m/dummy526,Sonido_Original_526
